Species	WP010_2A	WP011_3A	WP018_1B	WP020_3B	WP021_4B	WP022_5B	WP023_6B	WP024_7B	WP025_8B	WP016_8A	WP019_2B	WP009_1A	WP012_4A	WP013_5A	WP014_6A	WP015_7A	WP017_9A	Kingdom	Phylum	Class	Order	Family	Genus	Species	Total abundance	Guild	Guild category
Thelephoraceae_sp	56.0	6076.0	33.0	53136.0	66193.0	128.0	2523.0	3860.0	108.0	19.0	10.0	5.0	33.0	1.0	23.0	17.0	60.0	Fungi	Basidiomycota	Agaricomycetes	Thelephorales	Thelephoraceae	Thelephoraceae_gen_Incertae_sedis	Thelephoraceae_sp	132364.0	NA	ENA
Russula_atropurpurea	49.0	0.0	7962.0	5631.0	48.0	3.0	67.0	71950.0	124134.0	1.0	99.0	2.0	0.0	0.0	1.0	0.0	1.0	Fungi	Basidiomycota	Agaricomycetes	Russulales	Russulaceae	Russula	Russula_atropurpurea	209949.0	Ectomycorrhizal	Myc
Russula_cerolens	93.0	14734.0	25.0	93.0	86.0	13.0	21565.0	9330.0	1239.0	53747.0	12995.0	10508.0	22836.0	2446.0	630.0	3454.0	12938.0	Fungi	Basidiomycota	Agaricomycetes	Russulales	Russulaceae	Russula	Russula_cerolens	166732.0	Ectomycorrhizal	Myc
Mycena_rosea	10.0	71.0	6.0	127.0	38.0	11.0	40.0	163.0	13.0	16.0	204.0	818.0	3.0	0.0	15993.0	12.0	61379.0	Fungi	Basidiomycota	Agaricomycetes	Agaricales	Mycenaceae	Mycena	Mycena_rosea	78904.0	Leaf Saprotroph, Plant Pathogen, Undefined Saprotroph, Wood Saprotroph	Pat
Solicoccozyma_terricola	342.0	306.0	510.0	301.0	201.0	20801.0	862.0	126.0	2395.0	255.0	271.0	44.0	357.0	100.0	200.0	452.0	3143.0	Fungi	Basidiomycota	Tremellomycetes	Filobasidiales	Piskurozymaceae	Solicoccozyma	Solicoccozyma_terricola	30666.0	NA	ENA
Helotiales_sp	1943.0	1286.0	61.0	4410.0	5520.0	54.0	1995.0	592.0	678.0	9137.0	2795.0	2441.0	23427.0	347.0	106.0	16133.0	1361.0	Fungi	Ascomycota	Leotiomycetes	Helotiales	Helotiales_fam_Incertae_sedis	Helotiales_gen_Incertae_sedis	Helotiales_sp	72431.0	NA	ENA
Gymnopus_erythropus	0.0	0.0	1.0	0.0	0.0	0.0	0.0	0.0	0.0	13674.0	2.0	0.0	0.0	0.0	37.0	41948.0	5957.0	Fungi	Basidiomycota	Agaricomycetes	Agaricales	Omphalotaceae	Gymnopus	Gymnopus_erythropus	61619.0	NA	ENA
Podila_humilis	575.0	1006.0	506.0	736.0	517.0	1134.0	2631.0	610.0	7547.0	387.0	756.0	257.0	643.0	173.0	97.0	729.0	1198.0	Fungi	Mortierellomycota	Mortierellomycetes	Mortierellales	Mortierellaceae	Podila	Podila_humilis	19502.0	NA	ENA
Xerocomellus_cisalpinus	25.0	4.0	20559.0	2.0	0.0	2.0	48.0	28.0	6.0	18.0	336.0	1.0	82.0	0.0	7171.0	1.0	89.0	Fungi	Basidiomycota	Agaricomycetes	Boletales	Boletaceae	Xerocomellus	Xerocomellus_cisalpinus	28372.0	Ectomycorrhizal	Myc
Russula_graveolens	0.0	40551.0	416.0	0.0	0.0	1.0	0.0	0.0	0.0	114.0	10.0	1.0	1143.0	1.0	5357.0	0.0	228.0	Fungi	Basidiomycota	Agaricomycetes	Russulales	Russulaceae	Russula	Russula_graveolens	47822.0	Ectomycorrhizal	Myc
Lactarius_quietus	4.0	22.0	9635.0	43.0	7.0	20.0	1.0	1407.0	1478.0	3738.0	104.0	56.0	6668.0	1239.0	157.0	1185.0	26337.0	Fungi	Basidiomycota	Agaricomycetes	Russulales	Russulaceae	Lactarius	Lactarius_quietus	52101.0	Ectomycorrhizal	Myc
Amphinema_sp	10.0	27.0	3.0	25.0	17.0	75.0	153.0	317.0	623.0	1052.0	14.0	138.0	66.0	2.0	522.0	36853.0	2206.0	Fungi	Basidiomycota	Agaricomycetes	Atheliales	Tylosporaceae	Amphinema	Amphinema_sp	42103.0	Ectomycorrhizal	Myc
Russula_fragrantissima	14851.0	4.0	87.0	2669.0	11205.0	1135.0	2276.0	323.0	3034.0	12.0	59.0	34.0	2.0	0.0	9.0	0.0	13.0	Fungi	Basidiomycota	Agaricomycetes	Russulales	Russulaceae	Russula	Russula_fragrantissima	35713.0	Ectomycorrhizal	Myc
Lachnellula_sp	5218.0	0.0	121.0	12.0	0.0	193.0	6.0	0.0	0.0	428.0	7.0	0.0	0.0	68.0	7262.0	0.0	30.0	Fungi	Ascomycota	Leotiomycetes	Helotiales	Hyaloscyphaceae	Lachnellula	Lachnellula_sp	13345.0	Undefined Saprotroph	Sap
Ascomycota_sp	107.0	916.0	769.0	1137.0	677.0	29077.0	203.0	21.0	58.0	166.0	1414.0	151.0	110.0	8.0	64.0	347.0	431.0	Fungi	Ascomycota	Ascomycota_cls_Incertae_sedis	Ascomycota_ord_Incertae_sedis	Ascomycota_fam_Incertae_sedis	Ascomycota_gen_Incertae_sedis	Ascomycota_sp	35672.0	NA	ENA
Hyaloscyphaceae_sp	654.0	2382.0	304.0	1606.0	974.0	839.0	2366.0	752.0	132.0	2376.0	541.0	122.0	171.0	656.0	277.0	3578.0	67.0	Fungi	Ascomycota	Leotiomycetes	Helotiales	Hyaloscyphaceae	Hyaloscyphaceae_gen_Incertae_sedis	Hyaloscyphaceae_sp	17797.0	NA	ENA
Xerocomellus_porosporus	140.0	16473.0	0.0	3458.0	675.0	2.0	2368.0	311.0	40.0	346.0	0.0	0.0	81.0	75.0	2369.0	1.0	0.0	Fungi	Basidiomycota	Agaricomycetes	Boletales	Boletaceae	Xerocomellus	Xerocomellus_porosporus	26339.0	Ectomycorrhizal	Myc
Cladophialophora_sp	3193.0	1375.0	217.0	377.0	203.0	786.0	3043.0	352.0	969.0	507.0	477.0	724.0	768.0	102.0	90.0	862.0	926.0	Fungi	Ascomycota	Eurotiomycetes	Chaetothyriales	Herpotrichiellaceae	Cladophialophora	Cladophialophora_sp	14971.0	Undefined Saprotroph	Sap
Meliniomyces_sp	282.0	1109.0	8.0	49.0	34.0	18.0	518.0	142.0	604.0	435.0	181.0	50.0	377.0	162.0	1061.0	501.0	4297.0	Fungi	Ascomycota	Leotiomycetes	Helotiales	Helotiaceae	Meliniomyces	Meliniomyces_sp	9828.0	Ectomycorrhizal, Endophyte, Ericoid Mycorrhizal, Litter Saprotroph, Orchid Mycorrhizal	Myc
Glutinomyces_sp	139.0	511.0	1636.0	1612.0	0.0	1028.0	71.0	216.0	41.0	798.0	254.0	31.0	262.0	29.0	122.0	0.0	15.0	Fungi	Ascomycota	Leotiomycetes	Helotiales	Hyaloscyphaceae	Glutinomyces	Glutinomyces_sp	6765.0	Endophyte	Nop
Russula_sp	181.0	12506.0	319.0	9.0	13.0	1511.0	189.0	22.0	57.0	747.0	20.0	4.0	1173.0	363.0	2491.0	128.0	8348.0	Fungi	Basidiomycota	Agaricomycetes	Russulales	Russulaceae	Russula	Russula_sp	28081.0	Ectomycorrhizal	Myc
Rhizodermea_veluwensis	0.0	0.0	0.0	0.0	5.0	0.0	109.0	196.0	67.0	127.0	1.0	0.0	27.0	527.0	7031.0	1024.0	22.0	Fungi	Ascomycota	Leotiomycetes	Helotiales	Dermateaceae	Rhizodermea	Rhizodermea_veluwensis	9136.0	Undefined Saprotroph	Sap
Luellia_sp	0.0	0.0	0.0	0.0	1443.0	0.0	784.0	138.0	3.0	1.0	210.0	0.0	249.0	48.0	16.0	8249.0	14.0	Fungi	Basidiomycota	Agaricomycetes	Trechisporales	Hydnodontaceae	Luellia	Luellia_sp	11155.0	Undefined Saprotroph	Sap
Lactarius_subdulcis	0.0	0.0	0.0	0.0	3.0	2.0	1.0	0.0	0.0	20.0	0.0	0.0	0.0	12579.0	0.0	0.0	0.0	Fungi	Basidiomycota	Agaricomycetes	Russulales	Russulaceae	Lactarius	Lactarius_subdulcis	12605.0	Ectomycorrhizal	Myc
Leptodontidium_sp	4.0	17.0	0.0	15.0	1398.0	15.0	803.0	83.0	7.0	907.0	2.0	5433.0	957.0	56.0	12.0	897.0	441.0	Fungi	Ascomycota	Leotiomycetes	Helotiales	Leptodontidiaceae	Leptodontidium	Leptodontidium_sp	11047.0	Endophyte	Nop
Inocybe_sp	7240.0	208.0	425.0	24.0	64.0	125.0	68.0	17.0	127.0	22.0	93.0	137.0	62.0	6.0	52.0	29.0	122.0	Fungi	Basidiomycota	Agaricomycetes	Agaricales	Inocybaceae	Inocybe	Inocybe_sp	8821.0	Ectomycorrhizal	Myc
GS05_sp	168.0	1929.0	175.0	430.0	60.0	205.0	757.0	51.0	884.0	186.0	824.0	112.0	318.0	14.0	3.0	293.0	1335.0	Fungi	Rozellomycota	Rozellomycotina_cls_Incertae_sedis	GS05	GS05_fam_Incertae_sedis	GS05_gen_Incertae_sedis	GS05_sp	7749.0	NA	ENA
Clonostachys_eriocamporesii	0.0	7.0	0.0	1.0	0.0	0.0	0.0	0.0	4.0	1.0	0.0	8302.0	4.0	0.0	0.0	2.0	0.0	Fungi	Ascomycota	Sordariomycetes	Hypocreales	Bionectriaceae	Clonostachys	Clonostachys_eriocamporesii	8321.0	Plant Pathogen	Pat
Mollisia_sp	3766.0	4.0	1.0	7.0	5.0	70.0	9.0	0.0	3.0	0.0	1.0	0.0	35.0	1.0	1.0	15.0	4.0	Fungi	Ascomycota	Leotiomycetes	Helotiales	Mollisiaceae	Mollisia	Mollisia_sp	3922.0	Endophyte, Plant Pathogen	Pat
Hydnodontaceae_sp	480.0	2141.0	8.0	24.0	0.0	80.0	2415.0	7.0	53.0	408.0	624.0	865.0	284.0	57.0	377.0	1918.0	11349.0	Fungi	Basidiomycota	Agaricomycetes	Trechisporales	Hydnodontaceae	Hydnodontaceae_gen_Incertae_sedis	Hydnodontaceae_sp	21090.0	NA	ENA
GS11_sp	519.0	1756.0	261.0	71.0	6.0	1230.0	192.0	28.0	152.0	858.0	148.0	146.0	124.0	1.0	36.0	67.0	399.0	Fungi	Rozellomycota	Rozellomycotina_cls_Incertae_sedis	GS11	GS11_fam_Incertae_sedis	GS11_gen_Incertae_sedis	GS11_sp	5994.0	NA	ENA
Piloderma_lanatum	0.0	0.0	0.0	0.0	4.0	0.0	0.0	0.0	0.0	0.0	2335.0	0.0	0.0	0.0	0.0	0.0	0.0	Fungi	Basidiomycota	Agaricomycetes	Atheliales	Pilodermataceae	Piloderma	Piloderma_lanatum	2339.0	Ectomycorrhizal	Myc
Mortierella_basiparvispora	51.0	26.0	31.0	70.0	77.0	4.0	893.0	106.0	8809.0	24.0	21.0	60.0	93.0	7.0	14.0	193.0	981.0	Fungi	Mortierellomycota	Mortierellomycetes	Mortierellales	Mortierellaceae	Mortierella	Mortierella_basiparvispora	11460.0	Endophyte, Litter Saprotroph, Soil Saprotroph, Undefined Saprotroph	Sap
Chaetosphaeriaceae_sp	19.0	13.0	12.0	4387.0	3.0	3.0	3.0	4.0	70.0	1.0	9.0	0.0	0.0	0.0	0.0	0.0	1.0	Fungi	Ascomycota	Sordariomycetes	Chaetosphaeriales	Chaetosphaeriaceae	Chaetosphaeriaceae_gen_Incertae_sedis	Chaetosphaeriaceae_sp	4525.0	NA	ENA
Ilyonectria_mors-panacis	192.0	94.0	156.0	715.0	106.0	793.0	21.0	29.0	49.0	125.0	196.0	385.0	255.0	4.0	34.0	235.0	236.0	Fungi	Ascomycota	Sordariomycetes	Hypocreales	Nectriaceae	Ilyonectria	Ilyonectria_mors-panacis	3625.0	Plant Pathogen	Pat
Saitozyma_podzolica	181.0	190.0	279.0	179.0	104.0	925.0	201.0	185.0	315.0	227.0	110.0	53.0	448.0	76.0	52.0	94.0	467.0	Fungi	Basidiomycota	Tremellomycetes	Tremellales	Trimorphomycetaceae	Saitozyma	Saitozyma_podzolica	4086.0	NA	ENA
Thelephora_sp	82.0	2.0	1917.0	14.0	3.0	4.0	219.0	2.0	908.0	0.0	33.0	0.0	0.0	0.0	12.0	2.0	0.0	Fungi	Basidiomycota	Agaricomycetes	Thelephorales	Thelephoraceae	Thelephora	Thelephora_sp	3198.0	NA	ENA
Geomyces_auratus	71.0	343.0	757.0	373.0	148.0	477.0	453.0	182.0	306.0	258.0	489.0	153.0	574.0	120.0	195.0	100.0	329.0	Fungi	Ascomycota	Leotiomycetes	Thelebolales	Pseudeurotiaceae	Geomyces	Geomyces_auratus	5328.0	Soil Saprotroph	Sap
Agaricales_sp	689.0	164.0	5.0	519.0	3024.0	287.0	117.0	207.0	46.0	273.0	816.0	275.0	178.0	348.0	7914.0	3961.0	1437.0	Fungi	Basidiomycota	Agaricomycetes	Agaricales	Agaricales_fam_Incertae_sedis	Agaricales_gen_Incertae_sedis	Agaricales_sp	20260.0	NA	ENA
Rozellomycota_sp	363.0	3166.0	329.0	1302.0	541.0	1086.0	1481.0	546.0	2044.0	662.0	1833.0	778.0	1909.0	153.0	125.0	1597.0	3976.0	Fungi	Rozellomycota	Rozellomycota_cls_Incertae_sedis	Rozellomycota_ord_Incertae_sedis	Rozellomycota_fam_Incertae_sedis	Rozellomycota_gen_Incertae_sedis	Rozellomycota_sp	21892.0	NA	ENA
Mortierella_sp	545.0	1703.0	716.0	1080.0	630.0	1990.0	2125.0	541.0	2754.0	626.0	1297.0	427.0	963.0	213.0	48.0	378.0	2611.0	Fungi	Mortierellomycota	Mortierellomycetes	Mortierellales	Mortierellaceae	Mortierella	Mortierella_sp	18647.0	Endophyte, Litter Saprotroph, Soil Saprotroph, Undefined Saprotroph	Sap
Sordariomycetes_sp	37.0	62.0	46.0	43.0	95.0	44.0	89.0	21.0	61.0	24.0	53.0	4.0	74.0	0.0	32.0	1767.0	105.0	Fungi	Ascomycota	Sordariomycetes	Sordariomycetes_ord_Incertae_sedis	Sordariomycetes_fam_Incertae_sedis	Sordariomycetes_gen_Incertae_sedis	Sordariomycetes_sp	2557.0	NA	ENA
Apiotrichum_xylopini	8.0	90.0	122.0	87.0	29.0	73.0	180.0	154.0	740.0	82.0	801.0	53.0	83.0	7.0	0.0	3.0	97.0	Fungi	Basidiomycota	Tremellomycetes	Trichosporonales	Trichosporonaceae	Apiotrichum	Apiotrichum_xylopini	2609.0	Soil Saprotroph	Sap
Geomyces_sp	6.0	16.0	6.0	24.0	4.0	99.0	9.0	4.0	14.0	27.0	1260.0	5.0	10.0	2.0	5.0	1.0	15.0	Fungi	Ascomycota	Leotiomycetes	Thelebolales	Pseudeurotiaceae	Geomyces	Geomyces_sp	1507.0	Soil Saprotroph	Sap
Mycena_metata	0.0	0.0	0.0	0.0	0.0	0.0	0.0	7669.0	0.0	0.0	0.0	127.0	3546.0	0.0	0.0	0.0	0.0	Fungi	Basidiomycota	Agaricomycetes	Agaricales	Mycenaceae	Mycena	Mycena_metata	11342.0	Leaf Saprotroph, Plant Pathogen, Undefined Saprotroph, Wood Saprotroph	Pat
Pezoloma_ericae	53.0	155.0	18.0	1618.0	229.0	75.0	88.0	173.0	95.0	275.0	33.0	18.0	109.0	29.0	0.0	21.0	55.0	Fungi	Ascomycota	Leotiomycetes	Helotiales	Leotiaceae	Pezoloma	Pezoloma_ericae	3044.0	Bryophyte Parasite, Ectomycorrhizal, Ericoid Mycorrhizal, Undefined Saprotroph, Wood Saprotroph	Myc
Chaetosphaeria_ciliata	11.0	1524.0	342.0	204.0	4.0	17.0	18.0	14.0	4.0	422.0	254.0	0.0	5.0	40.0	36.0	18.0	1.0	Fungi	Ascomycota	Sordariomycetes	Chaetosphaeriales	Chaetosphaeriaceae	Chaetosphaeria	Chaetosphaeria_ciliata	2914.0	Endophyte, Litter Saprotroph, Wood Saprotroph	Sap
Xerocomellus_chrysenteron	537.0	203.0	1451.0	381.0	27.0	19.0	10.0	0.0	0.0	3.0	2097.0	0.0	1.0	1467.0	0.0	336.0	21.0	Fungi	Basidiomycota	Agaricomycetes	Boletales	Boletaceae	Xerocomellus	Xerocomellus_chrysenteron	6553.0	Ectomycorrhizal	Myc
Cortinarius_sp	207.0	4.0	6.0	19.0	0.0	80.0	11.0	3.0	0.0	0.0	0.0	0.0	1055.0	0.0	8.0	0.0	0.0	Fungi	Basidiomycota	Agaricomycetes	Agaricales	Cortinariaceae	Cortinarius	Cortinarius_sp	1393.0	Ectomycorrhizal	Myc
Chaetosphaeria_sp	33.0	206.0	59.0	140.0	19.0	78.0	146.0	26.0	467.0	211.0	22.0	16.0	634.0	8.0	11.0	34.0	252.0	Fungi	Ascomycota	Sordariomycetes	Chaetosphaeriales	Chaetosphaeriaceae	Chaetosphaeria	Chaetosphaeria_sp	2362.0	Endophyte, Litter Saprotroph, Wood Saprotroph	Sap
Podila_epicladia	402.0	53.0	67.0	67.0	3.0	462.0	43.0	8.0	187.0	60.0	11.0	5.0	22.0	8.0	14.0	1.0	13.0	Fungi	Mortierellomycota	Mortierellomycetes	Mortierellales	Mortierellaceae	Podila	Podila_epicladia	1426.0	NA	ENA
Aspergillus_sp	0.0	286.0	2.0	257.0	85.0	144.0	188.0	331.0	3.0	263.0	130.0	0.0	274.0	0.0	7.0	123.0	5.0	Fungi	Ascomycota	Eurotiomycetes	Eurotiales	Aspergillaceae	Aspergillus	Aspergillus_sp	2098.0	NA	ENA
Trechispora_sp	2.0	162.0	1.0	28.0	3.0	8.0	1071.0	72.0	46.0	9.0	615.0	1.0	156.0	8.0	17.0	240.0	9.0	Fungi	Basidiomycota	Agaricomycetes	Trechisporales	Hydnodontaceae	Trechispora	Trechispora_sp	2448.0	Wood Saprotroph	Sap
Capnobotryella_sp	0.0	67.0	2.0	5.0	136.0	0.0	206.0	0.0	3.0	6.0	139.0	0.0	602.0	20.0	4.0	287.0	3.0	Fungi	Ascomycota	Dothideomycetes	Mycosphaerellales	Teratosphaeriaceae	Capnobotryella	Capnobotryella_sp	1480.0	Undefined Saprotroph	Sap
Russula_heterophylla	0.0	0.0	4.0	0.0	0.0	0.0	1111.0	0.0	1543.0	0.0	1.0	0.0	0.0	0.0	0.0	0.0	0.0	Fungi	Basidiomycota	Agaricomycetes	Russulales	Russulaceae	Russula	Russula_heterophylla	2659.0	Ectomycorrhizal	Myc
Globodera_sp	57.0	450.0	87.0	19.0	279.0	239.0	134.0	202.0	2651.0	679.0	2135.0	349.0	852.0	33.0	17.0	562.0	243.0	Fungi	Fungi_phy_Incertae_sedis	Fungi_cls_Incertae_sedis	Fungi_ord_Incertae_sedis	Fungi_fam_Incertae_sedis	Globodera	Globodera_sp	8988.0	NA	ENA
Exophiala_radicis	63.0	369.0	268.0	325.0	158.0	224.0	628.0	89.0	1015.0	113.0	673.0	48.0	583.0	10.0	34.0	483.0	571.0	Fungi	Ascomycota	Eurotiomycetes	Chaetothyriales	Herpotrichiellaceae	Exophiala	Exophiala_radicis	5654.0	NA	ENA
Xerocomus_subtomentosus	0.0	0.0	0.0	0.0	0.0	0.0	0.0	0.0	0.0	0.0	0.0	0.0	0.0	0.0	4499.0	0.0	0.0	Fungi	Basidiomycota	Agaricomycetes	Boletales	Boletaceae	Xerocomus	Xerocomus_subtomentosus	4499.0	Ectomycorrhizal	Myc
Collybiopsis_ramealis	0.0	0.0	0.0	0.0	0.0	0.0	4417.0	0.0	11244.0	2318.0	2.0	0.0	0.0	3501.0	0.0	0.0	0.0	Fungi	Basidiomycota	Agaricomycetes	Agaricales	Omphalotaceae	Collybiopsis	Collybiopsis_ramealis	21482.0	NA	ENA
Bionectriaceae_sp	381.0	112.0	66.0	58.0	9.0	148.0	107.0	29.0	71.0	57.0	59.0	15.0	49.0	15.0	29.0	16.0	1466.0	Fungi	Ascomycota	Sordariomycetes	Hypocreales	Bionectriaceae	Bionectriaceae_gen_Incertae_sedis	Bionectriaceae_sp	2687.0	NA	ENA
Atractospora_sp	21.0	76.0	76.0	46.0	217.0	42.0	23.0	4.0	4.0	309.0	6.0	3443.0	24.0	0.0	82.0	62.0	21.0	Fungi	Ascomycota	Sordariomycetes	Myrmecridiales	Myrmecridiales_fam_Incertae_sedis	Atractospora	Atractospora_sp	4457.0	Wood Saprotroph	Sap
Leptobacillium_leptobactrum	1.0	12.0	4.0	6.0	77.0	1.0	77.0	92.0	20.0	42.0	352.0	107.0	14.0	0.0	0.0	15.0	79.0	Fungi	Ascomycota	Sordariomycetes	Hypocreales	Cordycipitaceae	Leptobacillium	Leptobacillium_leptobactrum	899.0	NA	ENA
Pleuroascus_rectipilus	4.0	44.0	14.0	25.0	7.0	58.0	15.0	13.0	9.0	28.0	210.0	0.0	78.0	2.0	0.0	1.0	6.0	Fungi	Ascomycota	Leotiomycetes	Helotiales	Pleuroascaceae	Pleuroascus	Pleuroascus_rectipilus	514.0	Dung Saprotroph	Nop
Chaetothyriales_sp	42.0	89.0	6.0	55.0	124.0	56.0	301.0	28.0	136.0	55.0	219.0	1.0	261.0	45.0	45.0	136.0	125.0	Fungi	Ascomycota	Eurotiomycetes	Chaetothyriales	Chaetothyriales_fam_Incertae_sedis	Chaetothyriales_gen_Incertae_sedis	Chaetothyriales_sp	1724.0	NA	ENA
Linnemannia_gamsii	212.0	161.0	98.0	250.0	50.0	130.0	376.0	45.0	256.0	48.0	56.0	16.0	64.0	0.0	80.0	11.0	48.0	Fungi	Mortierellomycota	Mortierellomycetes	Mortierellales	Mortierellaceae	Linnemannia	Linnemannia_gamsii	1901.0	NA	ENA
Albophoma_yamanashiensis	0.0	43.0	12.0	51.0	17.0	69.0	94.0	158.0	245.0	66.0	6.0	0.0	41.0	0.0	4.0	9.0	3.0	Fungi	Ascomycota	Sordariomycetes	Hypocreales	Ophiocordycipitaceae	Albophoma	Albophoma_yamanashiensis	818.0	NA	ENA
Laccaria_himalayensis	30.0	201.0	0.0	1203.0	2.0	1.0	18.0	98.0	4.0	268.0	86.0	0.0	88.0	0.0	1.0	1.0	0.0	Fungi	Basidiomycota	Agaricomycetes	Agaricales	Hydnangiaceae	Laccaria	Laccaria_himalayensis	2001.0	Ectomycorrhizal	Myc
Genea_hispidula	0.0	5.0	0.0	472.0	1.0	0.0	1409.0	10.0	182.0	17.0	10.0	0.0	203.0	2.0	42.0	0.0	0.0	Fungi	Ascomycota	Pezizomycetes	Pezizales	Pyronemataceae	Genea	Genea_hispidula	2353.0	Ectomycorrhizal	Myc
Nectria_ramulariae	27.0	185.0	81.0	153.0	102.0	54.0	48.0	6.0	17.0	32.0	107.0	13.0	167.0	1.0	3.0	137.0	82.0	Fungi	Ascomycota	Sordariomycetes	Hypocreales	Nectriaceae	Nectria	Nectria_ramulariae	1215.0	Animal Pathogen, Endophyte, Fungal Parasite, Lichen Parasite, Plant Pathogen, Wood Saprotroph	Pat
Cortinarius_incisior	30.0	2.0	64.0	242.0	2.0	651.0	36.0	129.0	11.0	0.0	3.0	1.0	0.0	3.0	18.0	1.0	0.0	Fungi	Basidiomycota	Agaricomycetes	Agaricales	Cortinariaceae	Cortinarius	Cortinarius_incisior	1193.0	Ectomycorrhizal	Myc
Trechispora_verruculosa	0.0	0.0	0.0	0.0	0.0	0.0	0.0	0.0	173.0	2.0	0.0	0.0	1.0	1.0	543.0	0.0	0.0	Fungi	Basidiomycota	Agaricomycetes	Trechisporales	Hydnodontaceae	Trechispora	Trechispora_verruculosa	720.0	Wood Saprotroph	Sap
Microbotryomycetes_sp	90.0	22.0	58.0	23.0	7.0	130.0	71.0	3457.0	17.0	29.0	25.0	1.0	82.0	0.0	0.0	6.0	3.0	Fungi	Basidiomycota	Microbotryomycetes	Microbotryomycetes_ord_Incertae_sedis	Microbotryomycetes_fam_Incertae_sedis	Microbotryomycetes_gen_Incertae_sedis	Microbotryomycetes_sp	4021.0	NA	ENA
GS18_sp	32.0	0.0	12.0	32.0	11.0	0.0	35.0	0.0	73.0	0.0	16.0	0.0	169.0	0.0	0.0	34.0	25.0	Fungi	Olpidiomycota	GS18	GS18_ord_Incertae_sedis	GS18_fam_Incertae_sedis	GS18_gen_Incertae_sedis	GS18_sp	439.0	NA	ENA
Drechslerella_sp	9.0	138.0	10.0	7.0	222.0	30.0	69.0	5.0	2.0	2.0	86.0	4.0	29.0	9.0	0.0	8.0	16.0	Fungi	Ascomycota	Orbiliomycetes	Orbiliales	Orbiliaceae	Drechslerella	Drechslerella_sp	646.0	Nematophagous	Nop
Cutaneotrichosporon_moniliiforme	4.0	15.0	240.0	28.0	2.0	4.0	2.0	1.0	6.0	3.0	159.0	7.0	3.0	0.0	0.0	0.0	1.0	Fungi	Basidiomycota	Tremellomycetes	Trichosporonales	Trichosporonaceae	Cutaneotrichosporon	Cutaneotrichosporon_moniliiforme	475.0	Animal Pathogen	Nop
Cenococcum_sp	0.0	606.0	30.0	3.0	1.0	60.0	1.0	0.0	2.0	5.0	1.0	0.0	56.0	0.0	38.0	0.0	2.0	Fungi	Ascomycota	Dothideomycetes	Mytilinidales	Gloniaceae	Cenococcum	Cenococcum_sp	805.0	Ectomycorrhizal	Myc
Keithomyces_carneus	17.0	55.0	812.0	39.0	3.0	106.0	5.0	5.0	46.0	36.0	26.0	11.0	173.0	0.0	4.0	0.0	12.0	Fungi	Ascomycota	Sordariomycetes	Hypocreales	Clavicipitaceae	Keithomyces	Keithomyces_carneus	1350.0	NA	ENA
Elaphomyces_sp	0.0	5.0	0.0	0.0	0.0	0.0	4.0	0.0	2.0	0.0	227.0	1009.0	55.0	2.0	1.0	12.0	21.0	Fungi	Ascomycota	Eurotiomycetes	Eurotiales	Elaphomycetaceae	Elaphomyces	Elaphomyces_sp	1338.0	Ectomycorrhizal	Myc
Teratosphaeria_sp	59.0	0.0	4.0	2.0	0.0	52.0	0.0	0.0	0.0	45.0	7.0	3.0	2.0	8.0	106.0	17.0	181.0	Fungi	Ascomycota	Dothideomycetes	Mycosphaerellales	Teratosphaeriaceae	Teratosphaeria	Teratosphaeria_sp	486.0	NA	ENA
Tuber_rufum	0.0	0.0	557.0	0.0	0.0	0.0	0.0	0.0	0.0	0.0	23.0	0.0	0.0	0.0	0.0	0.0	0.0	Fungi	Ascomycota	Pezizomycetes	Pezizales	Tuberaceae	Tuber	Tuber_rufum	580.0	NA	ENA
Mycena_citrinomarginata	0.0	0.0	0.0	0.0	0.0	0.0	0.0	0.0	0.0	0.0	0.0	0.0	0.0	0.0	1393.0	0.0	0.0	Fungi	Basidiomycota	Agaricomycetes	Agaricales	Mycenaceae	Mycena	Mycena_citrinomarginata	1393.0	Leaf Saprotroph, Plant Pathogen, Undefined Saprotroph, Wood Saprotroph	Pat
Endophoma_elongata	7.0	3.0	248.0	96.0	41.0	10.0	51.0	20.0	3.0	20.0	41.0	9.0	0.0	0.0	0.0	4.0	9.0	Fungi	Ascomycota	Dothideomycetes	Pleosporales	Didymellaceae	Endophoma	Endophoma_elongata	562.0	NA	ENA
Hypocreales_sp	10.0	49.0	7.0	160.0	57.0	31.0	37.0	7.0	103.0	39.0	57.0	5.0	465.0	1.0	7.0	6.0	45.0	Fungi	Ascomycota	Sordariomycetes	Hypocreales	Hypocreales_fam_Incertae_sedis	Hypocreales_gen_Incertae_sedis	Hypocreales_sp	1086.0	NA	ENA
Leucosporidium_sp	25.0	61.0	7.0	16.0	6.0	89.0	136.0	105.0	191.0	9.0	1.0	3.0	11.0	0.0	4.0	0.0	28.0	Fungi	Basidiomycota	Microbotryomycetes	Leucosporidiales	Leucosporidiaceae	Leucosporidium	Leucosporidium_sp	692.0	Soil Saprotroph, Undefined Saprotroph	Sap
Mortierella_rishikesha	118.0	0.0	97.0	232.0	0.0	593.0	7.0	2.0	22.0	9.0	11.0	4.0	1.0	0.0	8.0	0.0	14.0	Fungi	Mortierellomycota	Mortierellomycetes	Mortierellales	Mortierellaceae	Mortierella	Mortierella_rishikesha	1118.0	Endophyte, Litter Saprotroph, Soil Saprotroph, Undefined Saprotroph	Sap
Galerina_sp	0.0	0.0	0.0	0.0	0.0	0.0	0.0	0.0	0.0	0.0	0.0	873.0	0.0	0.0	0.0	0.0	0.0	Fungi	Basidiomycota	Agaricomycetes	Agaricales	Strophariaceae	Galerina	Galerina_sp	873.0	Bryophyte Parasite, Leaf Saprotroph, Soil Saprotroph, Undefined Saprotroph, Wood Saprotroph	Sap
Chionosphaeraceae_sp	0.0	234.0	79.0	16.0	0.0	0.0	0.0	0.0	0.0	18.0	1.0	64.0	0.0	0.0	0.0	0.0	0.0	Fungi	Basidiomycota	Agaricostilbomycetes	Agaricostilbales	Chionosphaeraceae	Chionosphaeraceae_gen_Incertae_sedis	Chionosphaeraceae_sp	412.0	NA	ENA
Cladosporium_basi-inflatum	36.0	18.0	51.0	39.0	28.0	10.0	46.0	11.0	96.0	34.0	34.0	26.0	20.0	8.0	11.0	7.0	136.0	Fungi	Ascomycota	Dothideomycetes	Capnodiales	Cladosporiaceae	Cladosporium	Cladosporium_basi-inflatum	639.0	NA	ENA
Inocybe_asterospora	34.0	0.0	0.0	0.0	0.0	39.0	0.0	9.0	989.0	14.0	0.0	0.0	982.0	2.0	32.0	0.0	1.0	Fungi	Basidiomycota	Agaricomycetes	Agaricales	Inocybaceae	Inocybe	Inocybe_asterospora	2102.0	Ectomycorrhizal	Myc
Sebacina_sp	0.0	0.0	4.0	300.0	0.0	9.0	0.0	0.0	9.0	1.0	0.0	0.0	1.0	0.0	0.0	0.0	0.0	Fungi	Basidiomycota	Agaricomycetes	Sebacinales	Sebacinaceae	Sebacina	Sebacina_sp	324.0	Ectomycorrhizal, Orchid Mycorrhizal, Root Associated Biotroph	Myc
Fungi_sp	374.0	603.0	202.0	961.0	95.0	505.0	250.0	108.0	352.0	263.0	657.0	230.0	275.0	55.0	50.0	212.0	452.0	Fungi	Fungi_phy_Incertae_sedis	Fungi_cls_Incertae_sedis	Fungi_ord_Incertae_sedis	Fungi_fam_Incertae_sedis	Fungi_gen_Incertae_sedis	Fungi_sp	5645.0	NA	ENA
Pseudogymnoascus_roseus	33.0	22.0	32.0	60.0	5.0	378.0	24.0	17.0	55.0	58.0	9.0	3.0	134.0	6.0	49.0	3.0	49.0	Fungi	Ascomycota	Leotiomycetes	Thelebolales	Pseudeurotiaceae	Pseudogymnoascus	Pseudogymnoascus_roseus	937.0	Animal Pathogen, Soil Saprotroph	Sap
Metapochonia_bulbillosa	5.0	107.0	6.0	16.0	90.0	17.0	115.0	38.0	61.0	38.0	983.0	11.0	39.0	15.0	2.0	14.0	49.0	Fungi	Ascomycota	Sordariomycetes	Hypocreales	Clavicipitaceae	Metapochonia	Metapochonia_bulbillosa	1606.0	NA	ENA
Trichoderma_paucisporum	5.0	45.0	11.0	24.0	31.0	81.0	18.0	16.0	63.0	19.0	54.0	2.0	262.0	0.0	6.0	4.0	15.0	Fungi	Ascomycota	Sordariomycetes	Hypocreales	Hypocreaceae	Trichoderma	Trichoderma_paucisporum	656.0	Animal Pathogen, Endophyte, Epiphyte, Fungal Parasite, Plant Pathogen, Wood Saprotroph	Pat
Olpidium_sp	0.0	0.0	0.0	0.0	0.0	0.0	0.0	0.0	1.0	440.0	0.0	0.0	0.0	0.0	0.0	0.0	0.0	Fungi	Olpidiomycota	Olpidiomycetes	Olpidiales	Olpidiaceae	Olpidium	Olpidium_sp	441.0	Plant Pathogen	Pat
Trichoderma_amazonicum	27.0	36.0	38.0	13.0	2.0	469.0	2.0	4.0	22.0	225.0	27.0	1.0	990.0	1.0	5.0	2.0	21.0	Fungi	Ascomycota	Sordariomycetes	Hypocreales	Hypocreaceae	Trichoderma	Trichoderma_amazonicum	1885.0	Animal Pathogen, Endophyte, Epiphyte, Fungal Parasite, Plant Pathogen, Wood Saprotroph	Pat
Trichoderma_spirale	2.0	23.0	6.0	28.0	3.0	277.0	4.0	1.0	6.0	16.0	44.0	4.0	52.0	8.0	0.0	0.0	19.0	Fungi	Ascomycota	Sordariomycetes	Hypocreales	Hypocreaceae	Trichoderma	Trichoderma_spirale	493.0	Animal Pathogen, Endophyte, Epiphyte, Fungal Parasite, Plant Pathogen, Wood Saprotroph	Pat
Cordana_pauciseptata	12.0	163.0	3.0	11.0	0.0	11.0	91.0	0.0	0.0	2.0	0.0	1.0	23.0	0.0	1.0	0.0	20.0	Fungi	Ascomycota	Sordariomycetes	Sordariales	Sordariales_fam_Incertae_sedis	Cordana	Cordana_pauciseptata	338.0	NULL	ENA
Clavulinopsis_sp	2.0	0.0	0.0	0.0	5.0	185.0	1.0	25.0	3.0	1.0	664.0	129.0	133.0	0.0	0.0	1.0	76.0	Fungi	Basidiomycota	Agaricomycetes	Agaricales	Clavariaceae	Clavulinopsis	Clavulinopsis_sp	1225.0	Undefined Saprotroph	Sap
Leucosporidiales_sp	4.0	1.0	1.0	2.0	2.0	0.0	32.0	12.0	30.0	0.0	415.0	0.0	69.0	5.0	0.0	0.0	33.0	Fungi	Basidiomycota	Microbotryomycetes	Leucosporidiales	Leucosporidiales_fam_Incertae_sedis	Leucosporidiales_gen_Incertae_sedis	Leucosporidiales_sp	606.0	NA	ENA
Piloderma_sp	0.0	284.0	0.0	0.0	0.0	0.0	0.0	0.0	0.0	26.0	0.0	0.0	0.0	0.0	791.0	0.0	0.0	Fungi	Basidiomycota	Agaricomycetes	Atheliales	Pilodermataceae	Piloderma	Piloderma_sp	1101.0	Ectomycorrhizal	Myc
Leotiomycetes_sp	8.0	276.0	10.0	16.0	188.0	45.0	34.0	8.0	13.0	15.0	222.0	11.0	46.0	6.0	2.0	82.0	52.0	Fungi	Ascomycota	Leotiomycetes	Leotiomycetes_ord_Incertae_sedis	Leotiomycetes_fam_Incertae_sedis	Leotiomycetes_gen_Incertae_sedis	Leotiomycetes_sp	1034.0	NA	ENA
Oidiodendron_majus	0.0	152.0	0.0	14.0	3.0	0.0	31.0	100.0	0.0	29.0	2.0	0.0	23.0	0.0	33.0	1.0	0.0	Fungi	Ascomycota	Leotiomycetes	Helotiales	Myxotrichaceae	Oidiodendron	Oidiodendron_majus	388.0	Ericoid Mycorrhizal	Myc
Lasionectriopsis_spinosa	59.0	62.0	36.0	48.0	23.0	96.0	17.0	8.0	30.0	47.0	106.0	6.0	64.0	3.0	1.0	24.0	39.0	Fungi	Ascomycota	Sordariomycetes	Hypocreales	Bionectriaceae	Lasionectriopsis	Lasionectriopsis_spinosa	669.0	NA	ENA
Metarhizium_baoshanense	861.0	12.0	0.0	4.0	0.0	3.0	0.0	1.0	0.0	1.0	1.0	0.0	0.0	0.0	0.0	9.0	0.0	Fungi	Ascomycota	Sordariomycetes	Hypocreales	Clavicipitaceae	Metarhizium	Metarhizium_baoshanense	892.0	Animal Pathogen	Nop
Sepedonium_sp	0.0	10.0	22.0	1.0	3.0	8.0	5.0	7.0	5.0	452.0	3.0	0.0	1.0	2.0	1.0	0.0	10.0	Fungi	Ascomycota	Sordariomycetes	Hypocreales	Hypocreaceae	Sepedonium	Sepedonium_sp	530.0	Fungal Parasite, Wood Saprotroph	Sap
Russula_cyanoxantha	0.0	0.0	0.0	0.0	0.0	2.0	0.0	0.0	0.0	1390.0	3.0	0.0	0.0	0.0	0.0	5.0	0.0	Fungi	Basidiomycota	Agaricomycetes	Russulales	Russulaceae	Russula	Russula_cyanoxantha	1400.0	Ectomycorrhizal	Myc
Chalara_sp	47.0	10.0	107.0	77.0	73.0	1.0	5.0	1.0	0.0	153.0	12.0	18.0	11.0	0.0	0.0	24.0	468.0	Fungi	Ascomycota	Leotiomycetes	Helotiales	Helotiales_fam_Incertae_sedis	Chalara	Chalara_sp	1007.0	Endophyte, Plant Pathogen, Wood Saprotroph	Pat
Didymella_arachidicola	0.0	2.0	1.0	44.0	1.0	2.0	0.0	0.0	3.0	0.0	15.0	0.0	13.0	1.0	2.0	0.0	128.0	Fungi	Ascomycota	Dothideomycetes	Pleosporales	Didymellaceae	Didymella	Didymella_arachidicola	212.0	Animal Pathogen, Plant Pathogen, Undefined Saprotroph	Pat
Sclerotiniaceae_sp	7.0	48.0	30.0	7.0	140.0	48.0	32.0	1.0	36.0	15.0	20.0	2.0	4.0	0.0	21.0	10.0	295.0	Fungi	Ascomycota	Leotiomycetes	Helotiales	Sclerotiniaceae	Sclerotiniaceae_gen_Incertae_sedis	Sclerotiniaceae_sp	716.0	NA	ENA
Hyaloscypha_sp	0.0	0.0	0.0	431.0	0.0	0.0	0.0	0.0	0.0	0.0	64.0	21.0	7.0	2.0	0.0	0.0	0.0	Fungi	Ascomycota	Leotiomycetes	Helotiales	Hyaloscyphaceae	Hyaloscypha	Hyaloscypha_sp	525.0	Undefined Saprotroph	Sap
Mortierella_macrocystis	218.0	144.0	61.0	28.0	42.0	50.0	57.0	38.0	296.0	76.0	72.0	10.0	44.0	26.0	38.0	233.0	146.0	Fungi	Mortierellomycota	Mortierellomycetes	Mortierellales	Mortierellaceae	Mortierella	Mortierella_macrocystis	1579.0	Endophyte, Litter Saprotroph, Soil Saprotroph, Undefined Saprotroph	Sap
Mastigobasidium_sp	8.0	9.0	10.0	60.0	4.0	12.0	28.0	12.0	12.0	16.0	39.0	1.0	4.0	8.0	0.0	0.0	0.0	Fungi	Basidiomycota	Microbotryomycetes	Leucosporidiales	Leucosporidiaceae	Mastigobasidium	Mastigobasidium_sp	223.0	Litter Saprotroph	Sap
Cephalotheca_sp	13.0	18.0	4.0	1.0	200.0	0.0	60.0	1.0	3.0	15.0	11.0	0.0	11.0	0.0	0.0	8.0	0.0	Fungi	Ascomycota	Sordariomycetes	Sordariales	Cephalothecaceae	Cephalotheca	Cephalotheca_sp	345.0	Undefined Saprotroph	Sap
Trichoderma_stellatum	3.0	101.0	5.0	13.0	13.0	31.0	81.0	1.0	14.0	148.0	66.0	6.0	13.0	6.0	1.0	21.0	18.0	Fungi	Ascomycota	Sordariomycetes	Hypocreales	Hypocreaceae	Trichoderma	Trichoderma_stellatum	541.0	Animal Pathogen, Endophyte, Epiphyte, Fungal Parasite, Plant Pathogen, Wood Saprotroph	Pat
Aureobasidium_pullulans	5.0	0.0	1.0	3.0	0.0	1.0	1.0	0.0	146.0	34.0	0.0	1.0	4.0	1.0	0.0	6.0	8.0	Fungi	Ascomycota	Dothideomycetes	Dothideales	Saccotheciaceae	Aureobasidium	Aureobasidium_pullulans	221.0	Animal Pathogen, Endophyte, Epiphyte, Plant Pathogen, Undefined Saprotroph	Pat
Clonostachys_divergens	31.0	0.0	9.0	25.0	0.0	43.0	9.0	1.0	1.0	11.0	0.0	12.0	0.0	0.0	1.0	0.0	7.0	Fungi	Ascomycota	Sordariomycetes	Hypocreales	Bionectriaceae	Clonostachys	Clonostachys_divergens	150.0	Plant Pathogen	Pat
Tetracladium_sp	6.0	65.0	1.0	3.0	2.0	19.0	183.0	12.0	52.0	6.0	10.0	4.0	7.0	0.0	1.0	0.0	16.0	Fungi	Ascomycota	Leotiomycetes	Helotiales	Helotiaceae	Tetracladium	Tetracladium_sp	387.0	Undefined Saprotroph	Sap
Chalara_angustata	64.0	0.0	7.0	2.0	8.0	11.0	54.0	14.0	2.0	17.0	247.0	158.0	26.0	1.0	0.0	274.0	159.0	Fungi	Ascomycota	Leotiomycetes	Helotiales	Helotiales_fam_Incertae_sedis	Chalara	Chalara_angustata	1044.0	Endophyte, Plant Pathogen, Wood Saprotroph	Pat
Russula_odorata	21.0	0.0	7.0	0.0	0.0	0.0	0.0	0.0	266.0	0.0	0.0	0.0	0.0	0.0	0.0	0.0	0.0	Fungi	Basidiomycota	Agaricomycetes	Russulales	Russulaceae	Russula	Russula_odorata	294.0	Ectomycorrhizal	Myc
Capnodiales_sp	17.0	117.0	82.0	58.0	94.0	27.0	34.0	23.0	6.0	6.0	69.0	18.0	46.0	6.0	85.0	57.0	64.0	Fungi	Ascomycota	Dothideomycetes	Capnodiales	Capnodiales_fam_Incertae_sedis	Capnodiales_gen_Incertae_sedis	Capnodiales_sp	809.0	NA	ENA
Mortierella_gemmifera	0.0	1.0	0.0	0.0	3.0	3.0	500.0	25.0	51.0	6.0	71.0	0.0	24.0	21.0	0.0	0.0	27.0	Fungi	Mortierellomycota	Mortierellomycetes	Mortierellales	Mortierellaceae	Mortierella	Mortierella_gemmifera	732.0	Endophyte, Litter Saprotroph, Soil Saprotroph, Undefined Saprotroph	Sap
Dissophora_globulifera	20.0	46.0	11.0	17.0	21.0	38.0	49.0	4.0	15.0	86.0	237.0	13.0	8.0	8.0	3.0	0.0	39.0	Fungi	Mortierellomycota	Mortierellomycetes	Mortierellales	Mortierellaceae	Dissophora	Dissophora_globulifera	615.0	Undefined Saprotroph	Sap
Russula_risigallina	0.0	0.0	0.0	0.0	0.0	0.0	0.0	0.0	0.0	0.0	0.0	0.0	349.0	0.0	0.0	0.0	0.0	Fungi	Basidiomycota	Agaricomycetes	Russulales	Russulaceae	Russula	Russula_risigallina	349.0	Ectomycorrhizal	Myc
Penicillium_antarcticum	0.0	221.0	10.0	10.0	6.0	11.0	4.0	20.0	11.0	23.0	17.0	0.0	152.0	0.0	2.0	10.0	4.0	Fungi	Ascomycota	Eurotiomycetes	Eurotiales	Aspergillaceae	Penicillium	Penicillium_antarcticum	501.0	Dung Saprotroph, Undefined Saprotroph, Wood Saprotroph	Sap
Coniella_quercicola	3.0	23.0	0.0	0.0	0.0	0.0	0.0	0.0	132.0	7.0	3.0	0.0	0.0	0.0	2.0	770.0	2.0	Fungi	Ascomycota	Sordariomycetes	Diaporthales	Schizoparmaceae	Coniella	Coniella_quercicola	942.0	Plant Pathogen	Pat
Penicillium_sp	34.0	162.0	107.0	51.0	217.0	191.0	82.0	44.0	1169.0	39.0	124.0	28.0	140.0	17.0	132.0	531.0	174.0	Fungi	Ascomycota	Eurotiomycetes	Eurotiales	Aspergillaceae	Penicillium	Penicillium_sp	3242.0	Dung Saprotroph, Undefined Saprotroph, Wood Saprotroph	Sap
Rhizophydiales_sp	114.0	104.0	57.0	52.0	50.0	116.0	27.0	14.0	91.0	48.0	95.0	39.0	154.0	4.0	3.0	29.0	106.0	Fungi	Chytridiomycota	Rhizophydiomycetes	Rhizophydiales	Rhizophydiales_fam_Incertae_sedis	Rhizophydiales_gen_Incertae_sedis	Rhizophydiales_sp	1103.0	NA	ENA
Lachnum_virgineum	0.0	0.0	0.0	91.0	0.0	0.0	1.0	62.0	0.0	0.0	0.0	0.0	0.0	0.0	2.0	0.0	3.0	Fungi	Ascomycota	Leotiomycetes	Helotiales	Hyaloscyphaceae	Lachnum	Lachnum_virgineum	159.0	Undefined Saprotroph	Sap
Coronophorales_sp	2.0	16.0	0.0	2.0	0.0	34.0	24.0	10.0	2.0	96.0	13.0	0.0	2.0	0.0	9.0	0.0	2.0	Fungi	Ascomycota	Sordariomycetes	Coronophorales	Coronophorales_fam_Incertae_sedis	Coronophorales_gen_Incertae_sedis	Coronophorales_sp	212.0	NA	ENA
Hymenochaetales_sp	1.0	21.0	5.0	4.0	1.0	3.0	0.0	3.0	2.0	3.0	1.0	8.0	4.0	0.0	0.0	6.0	206.0	Fungi	Basidiomycota	Agaricomycetes	Hymenochaetales	Hymenochaetales_fam_Incertae_sedis	Hymenochaetales_gen_Incertae_sedis	Hymenochaetales_sp	268.0	NA	ENA
Pochonia_cordycepisociata	3.0	3.0	2.0	1.0	1.0	12.0	38.0	18.0	32.0	47.0	3.0	2.0	18.0	3.0	0.0	3.0	279.0	Fungi	Ascomycota	Sordariomycetes	Hypocreales	Clavicipitaceae	Pochonia	Pochonia_cordycepisociata	465.0	Animal Pathogen	Nop
Russula_carminipes	0.0	0.0	0.0	0.0	0.0	0.0	0.0	0.0	0.0	4.0	0.0	0.0	572.0	0.0	0.0	0.0	0.0	Fungi	Basidiomycota	Agaricomycetes	Russulales	Russulaceae	Russula	Russula_carminipes	576.0	Ectomycorrhizal	Myc
Humicola_nigrescens	0.0	75.0	21.0	0.0	0.0	19.0	3.0	2.0	0.0	6.0	163.0	0.0	3.0	0.0	0.0	0.0	17.0	Fungi	Ascomycota	Sordariomycetes	Sordariales	Chaetomiaceae	Humicola	Humicola_nigrescens	309.0	NA	ENA
Preussia_sp	25.0	83.0	21.0	2.0	11.0	4.0	2.0	9.0	0.0	1.0	74.0	21.0	115.0	0.0	0.0	17.0	27.0	Fungi	Ascomycota	Dothideomycetes	Pleosporales	Sporormiaceae	Preussia	Preussia_sp	412.0	Undefined Saprotroph	Sap
Entoloma_sp	62.0	98.0	51.0	13.0	71.0	79.0	9.0	30.0	96.0	104.0	82.0	58.0	49.0	5.0	2.0	19.0	215.0	Fungi	Basidiomycota	Agaricomycetes	Agaricales	Entolomataceae	Entoloma	Entoloma_sp	1043.0	Ectomycorrhizal, Fungal Parasite, Soil Saprotroph, Undefined Saprotroph	Myc
Discosia_fici	1.0	5.0	0.0	0.0	0.0	0.0	1.0	4.0	211.0	0.0	2.0	0.0	1.0	0.0	0.0	3.0	0.0	Fungi	Ascomycota	Sordariomycetes	Amphisphaeriales	Discosiaceae	Discosia	Discosia_fici	228.0	NA	ENA
Dothideomycetes_sp	14.0	19.0	5.0	6.0	5.0	1.0	2.0	0.0	65.0	0.0	1.0	0.0	10.0	1.0	22.0	10.0	141.0	Fungi	Ascomycota	Dothideomycetes	Dothideomycetes_ord_Incertae_sedis	Dothideomycetes_fam_Incertae_sedis	Dothideomycetes_gen_Incertae_sedis	Dothideomycetes_sp	302.0	NA	ENA
Beauveria_australis	351.0	52.0	3.0	17.0	27.0	42.0	16.0	8.0	4.0	42.0	46.0	3.0	291.0	10.0	13.0	1.0	6.0	Fungi	Ascomycota	Sordariomycetes	Hypocreales	Cordycipitaceae	Beauveria	Beauveria_australis	932.0	Animal Pathogen	Nop
Cylindrium_sp	1.0	16.0	5.0	5.0	47.0	2.0	11.0	1.0	128.0	12.0	2.0	0.0	17.0	0.0	0.0	9.0	26.0	Fungi	Ascomycota	Sordariomycetes	Hypocreales	Cylindriaceae	Cylindrium	Cylindrium_sp	282.0	NA	ENA
Chaetosphaeria_vermicularioides	6.0	5.0	17.0	14.0	2.0	22.0	13.0	7.0	21.0	5.0	11.0	0.0	17.0	2.0	0.0	5.0	3.0	Fungi	Ascomycota	Sordariomycetes	Chaetosphaeriales	Chaetosphaeriaceae	Chaetosphaeria	Chaetosphaeria_vermicularioides	150.0	Endophyte, Litter Saprotroph, Wood Saprotroph	Sap
Neocucurbitaria_quercina	4.0	5.0	0.0	19.0	28.0	38.0	24.0	0.0	3.0	2.0	25.0	14.0	14.0	0.0	1.0	13.0	40.0	Fungi	Ascomycota	Dothideomycetes	Pleosporales	Cucurbitariaceae	Neocucurbitaria	Neocucurbitaria_quercina	230.0	NA	ENA
Apodus_deciduus	0.0	19.0	89.0	6.0	0.0	4.0	0.0	0.0	0.0	0.0	3.0	0.0	0.0	0.0	0.0	0.0	0.0	Fungi	Ascomycota	Sordariomycetes	Sordariales	Lasiosphaeriaceae	Apodus	Apodus_deciduus	121.0	Undefined Saprotroph	Sap
Tomentella_sp	59.0	151.0	1.0	193.0	1.0	26.0	7.0	49.0	90.0	6.0	0.0	1.0	0.0	0.0	3.0	0.0	0.0	Fungi	Basidiomycota	Agaricomycetes	Thelephorales	Thelephoraceae	Tomentella	Tomentella_sp	587.0	Ectomycorrhizal	Myc
Basidiomycota_sp	135.0	1.0	49.0	14.0	1.0	16.0	25.0	9.0	7.0	35.0	0.0	0.0	14.0	2.0	0.0	19.0	134.0	Fungi	Basidiomycota	Basidiomycota_cls_Incertae_sedis	Basidiomycota_ord_Incertae_sedis	Basidiomycota_fam_Incertae_sedis	Basidiomycota_gen_Incertae_sedis	Basidiomycota_sp	461.0	NA	ENA
Syzygospora_effibulata	1.0	30.0	1.0	5.0	20.0	0.0	16.0	4.0	0.0	19.0	7.0	8.0	24.0	2.0	0.0	11.0	13.0	Fungi	Basidiomycota	Tremellomycetes	Tremellales	Syzygosporaceae	Syzygospora	Syzygospora_effibulata	161.0	Fungal Parasite, Lichen Parasite	Nop
Neocucurbitaria_juglandicola	8.0	22.0	5.0	7.0	8.0	18.0	6.0	28.0	8.0	3.0	17.0	4.0	1.0	4.0	0.0	11.0	10.0	Fungi	Ascomycota	Dothideomycetes	Pleosporales	Cucurbitariaceae	Neocucurbitaria	Neocucurbitaria_juglandicola	160.0	NA	ENA
Penicillium_bialowiezense	23.0	7.0	108.0	8.0	5.0	5.0	9.0	3.0	25.0	3.0	23.0	2.0	19.0	2.0	5.0	1.0	9.0	Fungi	Ascomycota	Eurotiomycetes	Eurotiales	Aspergillaceae	Penicillium	Penicillium_bialowiezense	257.0	Dung Saprotroph, Undefined Saprotroph, Wood Saprotroph	Sap
Pyronemataceae_sp	0.0	0.0	0.0	0.0	3.0	3.0	0.0	0.0	0.0	13.0	0.0	0.0	89.0	2.0	0.0	0.0	0.0	Fungi	Ascomycota	Pezizomycetes	Pezizales	Pyronemataceae	Pyronemataceae_gen_Incertae_sedis	Pyronemataceae_sp	110.0	NA	ENA
Pezicula_sporulosa	49.0	0.0	0.0	0.0	0.0	39.0	0.0	0.0	0.0	29.0	0.0	0.0	0.0	2.0	32.0	0.0	3.0	Fungi	Ascomycota	Leotiomycetes	Helotiales	Dermateaceae	Pezicula	Pezicula_sporulosa	154.0	Endophyte, Plant Pathogen, Undefined Saprotroph	Pat
Solicoccozyma_sp	8.0	4.0	10.0	0.0	4.0	190.0	5.0	0.0	3.0	7.0	1.0	0.0	9.0	0.0	0.0	6.0	5.0	Fungi	Basidiomycota	Tremellomycetes	Filobasidiales	Piskurozymaceae	Solicoccozyma	Solicoccozyma_sp	253.0	NA	ENA
Scytalidium_album	1.0	2.0	13.0	7.0	0.0	22.0	8.0	2.0	2.0	0.0	2.0	0.0	13.0	0.0	1.0	145.0	10.0	Fungi	Ascomycota	Leotiomycetes	Helotiales	Helotiaceae	Scytalidium	Scytalidium_album	228.0	Wood Saprotroph	Sap
Tyrannosorus_pini-sylvestris	4.0	47.0	0.0	3.0	10.0	3.0	10.0	12.0	7.0	4.0	6.0	0.0	1.0	0.0	0.0	17.0	1.0	Fungi	Ascomycota	Dothideomycetes	Venturiales	Venturiaceae	Tyrannosorus	Tyrannosorus_pini-sylvestris	125.0	NA	ENA
Rhodosporidiobolus_colostri	3.0	3.0	0.0	11.0	5.0	1.0	0.0	0.0	4.0	157.0	8.0	3.0	1.0	0.0	10.0	4.0	0.0	Fungi	Basidiomycota	Microbotryomycetes	Sporidiobolales	Sporidiobolaceae	Rhodosporidiobolus	Rhodosporidiobolus_colostri	210.0	NA	ENA
Glomerellales_sp	14.0	1.0	0.0	0.0	0.0	1.0	1.0	0.0	0.0	25.0	0.0	0.0	0.0	0.0	0.0	0.0	253.0	Fungi	Ascomycota	Sordariomycetes	Glomerellales	Glomerellales_fam_Incertae_sedis	Glomerellales_gen_Incertae_sedis	Glomerellales_sp	295.0	NA	ENA
Agaricomycetes_sp	4.0	35.0	0.0	4.0	39.0	8.0	11.0	50.0	42.0	0.0	50.0	25.0	159.0	2.0	3.0	52.0	26.0	Fungi	Basidiomycota	Agaricomycetes	Agaricomycetes_ord_Incertae_sedis	Agaricomycetes_fam_Incertae_sedis	Agaricomycetes_gen_Incertae_sedis	Agaricomycetes_sp	510.0	NA	ENA
Oliveonia_sp	84.0	0.0	58.0	0.0	0.0	0.0	0.0	0.0	0.0	11.0	11.0	0.0	0.0	0.0	0.0	0.0	61.0	Fungi	Basidiomycota	Agaricomycetes	Auriculariales	Auriculariales_fam_Incertae_sedis	Oliveonia	Oliveonia_sp	225.0	Undefined Saprotroph	Sap
Capronia_sp	5.0	24.0	16.0	7.0	10.0	0.0	18.0	2.0	20.0	2.0	20.0	0.0	7.0	0.0	4.0	6.0	26.0	Fungi	Ascomycota	Eurotiomycetes	Chaetothyriales	Herpotrichiellaceae	Capronia	Capronia_sp	186.0	Endophyte	Nop
Tremellales_sp	14.0	14.0	1.0	0.0	16.0	4.0	8.0	0.0	6.0	4.0	5.0	0.0	2.0	0.0	0.0	20.0	16.0	Fungi	Basidiomycota	Tremellomycetes	Tremellales	Tremellales_fam_Incertae_sedis	Tremellales_gen_Incertae_sedis	Tremellales_sp	110.0	NA	ENA
Umbelopsis_sp	16.0	113.0	10.0	11.0	8.0	20.0	69.0	20.0	32.0	59.0	151.0	1.0	54.0	7.0	9.0	20.0	72.0	Fungi	Mucoromycota	Umbelopsidomycetes	Umbelopsidales	Umbelopsidaceae	Umbelopsis	Umbelopsis_sp	672.0	Undefined Saprotroph	Sap
Pycnopeziza_sp	1.0	0.0	0.0	0.0	0.0	0.0	6.0	14.0	0.0	0.0	0.0	0.0	82.0	0.0	0.0	1.0	1.0	Fungi	Ascomycota	Leotiomycetes	Helotiales	Sclerotiniaceae	Pycnopeziza	Pycnopeziza_sp	105.0	Plant Pathogen	Pat
Tympanidaceae_sp	0.0	111.0	0.0	0.0	0.0	0.0	0.0	0.0	0.0	0.0	0.0	0.0	0.0	0.0	0.0	0.0	0.0	Fungi	Ascomycota	Leotiomycetes	Helotiales	Tympanidaceae	Tympanidaceae_gen_Incertae_sedis	Tympanidaceae_sp	111.0	NA	ENA
Ramularia_unterseheri	0.0	0.0	2.0	0.0	0.0	0.0	0.0	0.0	3.0	0.0	0.0	0.0	0.0	0.0	1.0	0.0	96.0	Fungi	Ascomycota	Dothideomycetes	Mycosphaerellales	Mycosphaerellaceae	Ramularia	Ramularia_unterseheri	102.0	NA	ENA
Phoma_schachtii	2.0	1.0	1.0	0.0	0.0	0.0	5.0	4.0	83.0	2.0	0.0	3.0	6.0	0.0	9.0	0.0	4.0	Fungi	Ascomycota	Dothideomycetes	Pleosporales	Didymellaceae	Phoma	Phoma_schachtii	120.0	Endophyte, Dung Saprotroph, Lichen Parasite, Litter Saprotroph, Plant Pathogen, Soil Saprotroph, Wood Saprotroph	Pat
Talaromyces_albobiverticillius	3.0	10.0	4.0	29.0	2.0	8.0	36.0	2.0	4.0	10.0	9.0	8.0	2.0	1.0	0.0	5.0	12.0	Fungi	Ascomycota	Eurotiomycetes	Eurotiales	Aspergillaceae	Talaromyces	Talaromyces_albobiverticillius	145.0	Undefined Saprotroph	Sap
Pochonia_sp	19.0	7.0	9.0	0.0	0.0	27.0	25.0	0.0	9.0	13.0	0.0	0.0	39.0	1.0	7.0	8.0	7.0	Fungi	Ascomycota	Sordariomycetes	Hypocreales	Clavicipitaceae	Pochonia	Pochonia_sp	171.0	Animal Pathogen	Nop
Lactarius_circellatus	1.0	0.0	1.0	168.0	0.0	0.0	0.0	0.0	0.0	0.0	785.0	0.0	0.0	1.0	1.0	0.0	0.0	Fungi	Basidiomycota	Agaricomycetes	Russulales	Russulaceae	Lactarius	Lactarius_circellatus	957.0	Ectomycorrhizal	Myc
Orbiliaceae_sp	6.0	249.0	0.0	8.0	56.0	2.0	92.0	12.0	6.0	10.0	18.0	1.0	0.0	3.0	0.0	1.0	10.0	Fungi	Ascomycota	Orbiliomycetes	Orbiliales	Orbiliaceae	Orbiliaceae_gen_Incertae_sedis	Orbiliaceae_sp	474.0	NA	ENA
Leuconeurospora_sp	3.0	2.0	0.0	2.0	5.0	15.0	7.0	0.0	8.0	5.0	9.0	0.0	38.0	0.0	0.0	2.0	14.0	Fungi	Ascomycota	Leotiomycetes	Thelebolales	Pseudeurotiaceae	Leuconeurospora	Leuconeurospora_sp	110.0	Undefined Saprotroph	Sap
Clavulina_sp	3.0	3.0	62.0	3.0	21.0	11.0	1.0	19.0	11.0	12.0	9.0	0.0	9.0	0.0	0.0	12.0	4.0	Fungi	Basidiomycota	Agaricomycetes	Cantharellales	Hydnaceae	Clavulina	Clavulina_sp	180.0	Ectomycorrhizal	Myc
Absidia_sp	109.0	45.0	21.0	14.0	6.0	188.0	52.0	7.0	47.0	61.0	108.0	1.0	69.0	2.0	19.0	6.0	254.0	Fungi	Mucoromycota	Mucoromycetes	Mucorales	Cunninghamellaceae	Absidia	Absidia_sp	1009.0	Undefined Saprotroph	Sap
Wickerhamomyces_sp	0.0	0.0	0.0	0.0	0.0	0.0	0.0	0.0	0.0	0.0	112.0	0.0	1.0	0.0	0.0	0.0	0.0	Fungi	Ascomycota	Saccharomycetes	Saccharomycetales	Phaffomycetaceae	Wickerhamomyces	Wickerhamomyces_sp	113.0	Undefined Saprotroph	Sap
Volutella_sp	0.0	14.0	15.0	0.0	14.0	13.0	28.0	0.0	12.0	1.0	19.0	0.0	7.0	3.0	1.0	2.0	10.0	Fungi	Ascomycota	Sordariomycetes	Hypocreales	Nectriaceae	Volutella	Volutella_sp	139.0	NA	ENA
Cladosporium_herbarum	41.0	9.0	5.0	7.0	0.0	0.0	8.0	3.0	7.0	3.0	2.0	4.0	7.0	2.0	3.0	3.0	29.0	Fungi	Ascomycota	Dothideomycetes	Capnodiales	Cladosporiaceae	Cladosporium	Cladosporium_herbarum	178.0	NA	ENA
Cladophialophora_nyingchiensis	3.0	9.0	5.0	7.0	21.0	13.0	13.0	1.0	11.0	3.0	30.0	8.0	59.0	10.0	6.0	132.0	17.0	Fungi	Ascomycota	Eurotiomycetes	Chaetothyriales	Herpotrichiellaceae	Cladophialophora	Cladophialophora_nyingchiensis	348.0	Undefined Saprotroph	Sap
Atractosporales_sp	19.0	38.0	49.0	10.0	21.0	29.0	43.0	6.0	15.0	24.0	1.0	0.0	39.0	0.0	19.0	2.0	12.0	Fungi	Ascomycota	Sordariomycetes	Atractosporales	Atractosporales_fam_Incertae_sedis	Atractosporales_gen_Incertae_sedis	Atractosporales_sp	327.0	NA	ENA
Mycena_polygramma	0.0	0.0	0.0	0.0	0.0	0.0	0.0	0.0	0.0	0.0	0.0	0.0	339.0	0.0	1.0	0.0	0.0	Fungi	Basidiomycota	Agaricomycetes	Agaricales	Mycenaceae	Mycena	Mycena_polygramma	340.0	Leaf Saprotroph, Plant Pathogen, Undefined Saprotroph, Wood Saprotroph	Pat
Trichoderma_parapiluliferum	1.0	21.0	1.0	5.0	0.0	2.0	7.0	0.0	19.0	5.0	29.0	10.0	3.0	8.0	0.0	0.0	2.0	Fungi	Ascomycota	Sordariomycetes	Hypocreales	Hypocreaceae	Trichoderma	Trichoderma_parapiluliferum	113.0	Animal Pathogen, Endophyte, Epiphyte, Fungal Parasite, Plant Pathogen, Wood Saprotroph	Pat
Nectria_sp	1.0	46.0	5.0	9.0	132.0	0.0	8.0	0.0	0.0	2.0	1.0	3.0	0.0	0.0	3.0	6.0	19.0	Fungi	Ascomycota	Sordariomycetes	Hypocreales	Nectriaceae	Nectria	Nectria_sp	235.0	Animal Pathogen, Endophyte, Fungal Parasite, Lichen Parasite, Plant Pathogen, Wood Saprotroph	Pat
Rhytismataceae_sp	14.0	8.0	5.0	4.0	0.0	0.0	6.0	3.0	2.0	13.0	0.0	1.0	2.0	8.0	52.0	1.0	15.0	Fungi	Ascomycota	Leotiomycetes	Rhytismatales	Rhytismataceae	Rhytismataceae_gen_Incertae_sedis	Rhytismataceae_sp	134.0	NA	ENA
Apiotrichum_dulcitum	10.0	5.0	3.0	2.0	0.0	236.0	1.0	0.0	2.0	9.0	6.0	1.0	1.0	2.0	3.0	0.0	5.0	Fungi	Basidiomycota	Tremellomycetes	Trichosporonales	Trichosporonaceae	Apiotrichum	Apiotrichum_dulcitum	286.0	Soil Saprotroph	Sap
Hypochnicium_cremicolor	0.0	0.0	0.0	0.0	0.0	0.0	0.0	3.0	41.0	149.0	11.0	0.0	12.0	138.0	0.0	19.0	0.0	Fungi	Basidiomycota	Agaricomycetes	Polyporales	Podoscyphaceae	Hypochnicium	Hypochnicium_cremicolor	373.0	Undefined Saprotroph	Sap
Chytridiomycota_sp	34.0	27.0	14.0	51.0	8.0	36.0	14.0	7.0	10.0	54.0	49.0	0.0	24.0	0.0	4.0	40.0	60.0	Fungi	Chytridiomycota	Chytridiomycota_cls_Incertae_sedis	Chytridiomycota_ord_Incertae_sedis	Chytridiomycota_fam_Incertae_sedis	Chytridiomycota_gen_Incertae_sedis	Chytridiomycota_sp	432.0	NA	ENA
Plectosphaerella_slobbergiarum	2.0	0.0	0.0	1.0	82.0	0.0	13.0	1.0	0.0	22.0	0.0	0.0	0.0	0.0	0.0	0.0	0.0	Fungi	Ascomycota	Sordariomycetes	Glomerellales	Plectosphaerellaceae	Plectosphaerella	Plectosphaerella_slobbergiarum	121.0	Endophyte, Plant Pathogen	Pat
Amanitaceae_sp	17.0	6.0	1.0	14.0	10.0	10.0	6.0	0.0	15.0	7.0	17.0	7.0	9.0	0.0	0.0	21.0	3.0	Fungi	Basidiomycota	Agaricomycetes	Agaricales	Amanitaceae	Amanitaceae_gen_Incertae_sedis	Amanitaceae_sp	144.0	NA	ENA
Nectriaceae_sp	1.0	21.0	17.0	8.0	39.0	7.0	27.0	8.0	2.0	43.0	31.0	14.0	32.0	0.0	21.0	5.0	17.0	Fungi	Ascomycota	Sordariomycetes	Hypocreales	Nectriaceae	Nectriaceae_gen_Incertae_sedis	Nectriaceae_sp	293.0	NA	ENA
Auxarthron_umbrinum	8.0	0.0	3.0	8.0	1.0	51.0	0.0	0.0	0.0	9.0	0.0	0.0	0.0	1.0	0.0	5.0	25.0	Fungi	Ascomycota	Eurotiomycetes	Onygenales	Onygenaceae	Auxarthron	Auxarthron_umbrinum	111.0	Undefined Saprotroph	Sap
Oidiodendron_sp	0.0	7.0	0.0	54.0	7.0	0.0	5.0	1.0	0.0	48.0	1.0	0.0	0.0	0.0	42.0	2.0	0.0	Fungi	Ascomycota	Leotiomycetes	Helotiales	Myxotrichaceae	Oidiodendron	Oidiodendron_sp	167.0	Ericoid Mycorrhizal	Myc
Linnemannia_sclerotiella	2.0	1.0	1.0	0.0	5.0	2.0	1.0	0.0	1.0	11.0	6.0	1.0	2.0	0.0	40.0	0.0	67.0	Fungi	Mortierellomycota	Mortierellomycetes	Mortierellales	Mortierellaceae	Linnemannia	Linnemannia_sclerotiella	140.0	NA	ENA
Gryganskiella_cystojenkinii	33.0	12.0	12.0	8.0	8.0	6.0	5.0	1.0	3.0	0.0	22.0	3.0	2.0	2.0	0.0	0.0	2.0	Fungi	Mortierellomycota	Mortierellomycetes	Mortierellales	Mortierellaceae	Gryganskiella	Gryganskiella_cystojenkinii	119.0	NA	ENA
Mucor_abundans	0.0	5.0	0.0	0.0	4.0	1.0	11.0	50.0	25.0	0.0	19.0	1.0	0.0	0.0	1.0	1.0	4.0	Fungi	Mucoromycota	Mucoromycetes	Mucorales	Mucoraceae	Mucor	Mucor_abundans	122.0	NA	ENA
Sympodiella_sp	0.0	5.0	1.0	78.0	19.0	1.0	3.0	0.0	5.0	2.0	0.0	0.0	0.0	0.0	0.0	16.0	0.0	Fungi	Ascomycota	Dothideomycetes	Venturiales	Venturiaceae	Sympodiella	Sympodiella_sp	130.0	Undefined Saprotroph	Sap
Pezizomycotina_sp	2.0	1.0	1.0	1.0	0.0	3.0	0.0	0.0	2.0	0.0	8.0	2.0	1.0	0.0	0.0	85.0	0.0	Fungi	Ascomycota	Pezizomycotina_cls_Incertae_sedis	Pezizomycotina_ord_Incertae_sedis	Pezizomycotina_fam_Incertae_sedis	Pezizomycotina_gen_Incertae_sedis	Pezizomycotina_sp	106.0	NA	ENA
Pezizaceae_sp	8.0	0.0	283.0	0.0	0.0	0.0	0.0	0.0	0.0	0.0	7.0	0.0	0.0	0.0	0.0	0.0	0.0	Fungi	Ascomycota	Pezizomycetes	Pezizales	Pezizaceae	Pezizaceae_gen_Incertae_sedis	Pezizaceae_sp	298.0	NA	ENA
Mortierellaceae_sp	5.0	4.0	48.0	14.0	0.0	41.0	23.0	24.0	31.0	2.0	8.0	0.0	3.0	0.0	43.0	1.0	10.0	Fungi	Mortierellomycota	Mortierellomycetes	Mortierellales	Mortierellaceae	Mortierellaceae_gen_Incertae_sedis	Mortierellaceae_sp	257.0	NA	ENA
Amicodisca_sp	0.0	32.0	0.0	11.0	60.0	1.0	3.0	0.0	0.0	2.0	1.0	0.0	0.0	0.0	1.0	19.0	1.0	Fungi	Ascomycota	Leotiomycetes	Helotiales	Hyaloscyphaceae	Amicodisca	Amicodisca_sp	131.0	Undefined Saprotroph	Sap
Lacrymaria_glareosa	0.0	359.0	2.0	0.0	0.0	0.0	0.0	0.0	0.0	0.0	0.0	0.0	13.0	0.0	4.0	0.0	0.0	Fungi	Basidiomycota	Agaricomycetes	Agaricales	Psathyrellaceae	Lacrymaria	Lacrymaria_glareosa	378.0	Undefined Saprotroph	Sap
Syncephalis_sp	12.0	13.0	4.0	6.0	0.0	10.0	9.0	1.0	39.0	36.0	2.0	3.0	6.0	4.0	15.0	4.0	10.0	Fungi	Zoopagomycota	Zoopagomycetes	Zoopagales	Piptocephalidaceae	Syncephalis	Syncephalis_sp	174.0	Fungal Parasite	Nop
Orbiliales_sp	2.0	3.0	1.0	5.0	73.0	18.0	34.0	1.0	27.0	2.0	2.0	0.0	0.0	0.0	0.0	13.0	5.0	Fungi	Ascomycota	Orbiliomycetes	Orbiliales	Orbiliales_fam_Incertae_sedis	Orbiliales_gen_Incertae_sedis	Orbiliales_sp	186.0	NA	ENA
Mortierellales_sp	3.0	0.0	4.0	2.0	0.0	66.0	0.0	0.0	1.0	2.0	2.0	0.0	25.0	0.0	2.0	0.0	1.0	Fungi	Mortierellomycota	Mortierellomycetes	Mortierellales	Mortierellales_fam_Incertae_sedis	Mortierellales_gen_Incertae_sedis	Mortierellales_sp	108.0	NA	ENA
Mariannaea_camptospora	70.0	0.0	1.0	1.0	0.0	17.0	12.0	0.0	10.0	0.0	2.0	0.0	0.0	0.0	0.0	0.0	0.0	Fungi	Ascomycota	Sordariomycetes	Hypocreales	Nectriaceae	Mariannaea	Mariannaea_camptospora	113.0	NA	ENA
Didymella_glomerata	5.0	23.0	1.0	10.0	1.0	10.0	7.0	0.0	18.0	4.0	4.0	10.0	19.0	0.0	0.0	6.0	20.0	Fungi	Ascomycota	Dothideomycetes	Pleosporales	Didymellaceae	Didymella	Didymella_glomerata	138.0	Animal Pathogen, Plant Pathogen, Undefined Saprotroph	Pat
Mucor_hiemalis	1.0	1.0	0.0	1.0	1.0	0.0	2.0	56.0	150.0	9.0	3.0	2.0	2.0	0.0	1.0	5.0	8.0	Fungi	Mucoromycota	Mucoromycetes	Mucorales	Mucoraceae	Mucor	Mucor_hiemalis	242.0	NA	ENA
Pleosporales_sp	4.0	26.0	16.0	16.0	9.0	22.0	33.0	2.0	79.0	13.0	9.0	9.0	8.0	2.0	3.0	10.0	10.0	Fungi	Ascomycota	Dothideomycetes	Pleosporales	Pleosporales_fam_Incertae_sedis	Pleosporales_gen_Incertae_sedis	Pleosporales_sp	316.0	NA	ENA
Humaria_hemisphaerica	90.0	0.0	41.0	6.0	0.0	8.0	0.0	0.0	0.0	21.0	1.0	0.0	0.0	0.0	1.0	0.0	0.0	Fungi	Ascomycota	Pezizomycetes	Pezizales	Pyronemataceae	Humaria	Humaria_hemisphaerica	168.0	NA	ENA
Mycetinis_scorodonius	0.0	0.0	1.0	0.0	0.0	0.0	1.0	0.0	0.0	0.0	393.0	0.0	208.0	0.0	0.0	0.0	0.0	Fungi	Basidiomycota	Agaricomycetes	Agaricales	Omphalotaceae	Mycetinis	Mycetinis_scorodonius	603.0	Undefined Saprotroph	Sap
Trichoderma_velutinum	3.0	27.0	6.0	17.0	3.0	16.0	0.0	4.0	56.0	3.0	1.0	3.0	13.0	2.0	0.0	1.0	17.0	Fungi	Ascomycota	Sordariomycetes	Hypocreales	Hypocreaceae	Trichoderma	Trichoderma_velutinum	172.0	Animal Pathogen, Endophyte, Epiphyte, Fungal Parasite, Plant Pathogen, Wood Saprotroph	Pat
Ascobolaceae_sp	1.0	0.0	204.0	0.0	0.0	0.0	0.0	0.0	0.0	0.0	10.0	0.0	0.0	0.0	0.0	0.0	0.0	Fungi	Ascomycota	Pezizomycetes	Pezizales	Ascobolaceae	Ascobolaceae_gen_Incertae_sedis	Ascobolaceae_sp	215.0	NA	ENA
Pochonia_globispora	1.0	9.0	1.0	2.0	18.0	0.0	32.0	1.0	6.0	5.0	4.0	0.0	4.0	3.0	0.0	5.0	9.0	Fungi	Ascomycota	Sordariomycetes	Hypocreales	Clavicipitaceae	Pochonia	Pochonia_globispora	100.0	Animal Pathogen	Nop
Sporidiobolales_sp	9.0	8.0	21.0	10.0	1.0	15.0	7.0	3.0	5.0	13.0	2.0	0.0	1.0	0.0	1.0	0.0	28.0	Fungi	Basidiomycota	Microbotryomycetes	Sporidiobolales	Sporidiobolales_fam_Incertae_sedis	Sporidiobolales_gen_Incertae_sedis	Sporidiobolales_sp	124.0	NA	ENA
Trechisporales_sp	0.0	4.0	0.0	0.0	3.0	0.0	3.0	4.0	0.0	1.0	1.0	2.0	0.0	0.0	96.0	30.0	6.0	Fungi	Basidiomycota	Agaricomycetes	Trechisporales	Trechisporales_fam_Incertae_sedis	Trechisporales_gen_Incertae_sedis	Trechisporales_sp	150.0	NA	ENA
Metarhizium_brunneum	246.0	9.0	0.0	0.0	0.0	4.0	0.0	0.0	0.0	0.0	0.0	0.0	0.0	0.0	0.0	5.0	0.0	Fungi	Ascomycota	Sordariomycetes	Hypocreales	Clavicipitaceae	Metarhizium	Metarhizium_brunneum	264.0	Animal Pathogen	Nop
Russula_pascua	0.0	1123.0	14.0	0.0	0.0	0.0	0.0	0.0	0.0	9.0	0.0	0.0	28.0	0.0	189.0	0.0	6.0	Fungi	Basidiomycota	Agaricomycetes	Russulales	Russulaceae	Russula	Russula_pascua	1369.0	Ectomycorrhizal	Myc
Clonostachys_swieteniae	0.0	0.0	0.0	0.0	0.0	0.0	0.0	0.0	0.0	0.0	0.0	303.0	0.0	0.0	0.0	0.0	0.0	Fungi	Ascomycota	Sordariomycetes	Hypocreales	Bionectriaceae	Clonostachys	Clonostachys_swieteniae	303.0	Plant Pathogen	Pat
Beauveria_pseudobassiana	20.0	7.0	1.0	20.0	2.0	0.0	8.0	0.0	3.0	0.0	60.0	0.0	33.0	1.0	1.0	6.0	4.0	Fungi	Ascomycota	Sordariomycetes	Hypocreales	Cordycipitaceae	Beauveria	Beauveria_pseudobassiana	166.0	Animal Pathogen	Nop
Luteoamylascus_sp	0.0	0.0	204.0	102.0	0.0	0.0	2.0	0.0	1.0	0.0	4.0	0.0	1.0	0.0	1.0	0.0	0.0	Fungi	Ascomycota	Pezizomycetes	Pezizales	Pezizaceae	Luteoamylascus	Luteoamylascus_sp	315.0	NA	ENA
Thelephora_palmata	3.0	1.0	0.0	3.0	0.0	0.0	0.0	0.0	3.0	11.0	1.0	0.0	11.0	0.0	0.0	55.0	36.0	Fungi	Basidiomycota	Agaricomycetes	Thelephorales	Thelephoraceae	Thelephora	Thelephora_palmata	125.0	NA	ENA
